{"accuracy": [0.5413187146186829, 0.8393911123275757, 0.9031937122344971, 0.9323280453681946, 0.9483320116996765, 0.9604666233062744, 0.9670104384422302, 0.9721032977104187, 0.9776228666305542, 0.9804680347442627], "loss": [1.5620867013931274, 0.5077951550483704, 0.30106908082962036, 0.20681537687778473, 0.15668003261089325, 0.11973822116851807, 0.09971200674772263, 0.085894376039505, 0.06952907145023346, 0.06146688759326935], "val_accuracy": [0.822786271572113, 0.9024015665054321, 0.9300022721290588, 0.9474732279777527, 0.9348395466804504, 0.9665945768356323, 0.9607899188995361, 0.965228796005249, 0.9714887142181396, 0.9705781936645508], "val_loss": [0.5747568011283875, 0.30424314737319946, 0.21377618610858917, 0.16531391441822052, 0.22382020950317383, 0.1065257117152214, 0.12583424150943756, 0.11077813804149628, 0.09831765294075012, 0.09797762334346771]}